{
  "Logistic Regression": {
    "accuracy": 0.8610169491525423,
    "precision": 0.7992565055762082,
    "recall": 0.7570422535211268,
    "f1": 0.7775768535262206,
    "roc_auc": 0.9067223641348926,
    "confusion_matrix": [
      [
        547,
        54
      ],
      [
        69,
        215
      ]
    ]
  },
  "Decision Tree": {
    "accuracy": 0.8451977401129943,
    "precision": 0.739413680781759,
    "recall": 0.7992957746478874,
    "f1": 0.7681895093062606,
    "roc_auc": 0.9067633755946662,
    "confusion_matrix": [
      [
        521,
        80
      ],
      [
        57,
        227
      ]
    ]
  },
  "Random Forest": {
    "accuracy": 0.8858757062146893,
    "precision": 0.818815331010453,
    "recall": 0.8274647887323944,
    "f1": 0.8231173380035026,
    "roc_auc": 0.9319795645754727,
    "confusion_matrix": [
      [
        549,
        52
      ],
      [
        49,
        235
      ]
    ]
  },
  "XGBoost": {
    "accuracy": 0.8836158192090395,
    "precision": 0.8109965635738832,
    "recall": 0.8309859154929577,
    "f1": 0.8208695652173913,
    "roc_auc": 0.9238827306601674,
    "confusion_matrix": [
      [
        546,
        55
      ],
      [
        48,
        236
      ]
    ]
  },
  "MLP Neural Network": {
    "accuracy": 0.8553672316384181,
    "precision": 0.7746478873239436,
    "recall": 0.7746478873239436,
    "f1": 0.7746478873239436,
    "roc_auc": 0.9003538703100467,
    "confusion_matrix": [
      [
        537,
        64
      ],
      [
        64,
        220
      ]
    ]
  }
}